<?xml version="1.0" encoding="UTF-8"?>
<beans xmlns="http://www.springframework.org/schema/beans"
	xmlns:xsi="http://www.w3.org/2001/XMLSchema-instance" xmlns:context="http://www.springframework.org/schema/context"
	xsi:schemaLocation="
		http://www.springframework.org/schema/beans
		http://www.springframework.org/schema/beans/spring-beans-3.0.xsd
		http://www.springframework.org/schema/context 
		http://www.springframework.org/schema/context/spring-context-3.0.xsd">

	<!-- Enables automatic scan for the class that has Spring annotations
	In practice, it's used to detect the @Controller annotation defined in controller classes. -->
	<context:component-scan base-package="com.demo.security.self" />
	
	<!-- To enable @RequestMapping process on type level and method level -->
	<!-- Beans that will make the @RequestMapping annotation on the class or method to be processed by Spring 
	 -->

	
<bean class="org.springframework.web.servlet.view.ContentNegotiatingViewResolver">
		<property name="mediaTypes">
		    <map>
		        <entry key="xml" value="application/xml"/>
		        <entry key="html" value="text/html"/>
		    </map>
		</property>
		
		<!-- BeanNameViewResolver : Defines a view resolver using the bean name that the user specifies
		The example will use the MarshallingView name "employees." 
		 -->
		<property name="viewResolvers">
		    <list>
		        <bean class="org.springframework.web.servlet.view.BeanNameViewResolver"/>
		        <bean id="viewResolver" class="org.springframework.web.servlet.view.UrlBasedViewResolver">
					<property name="viewClass" value="org.springframework.web.servlet.view.JstlView"/>
					<property name="prefix" value="/WEB-INF/jsp/"/>
					<property name="suffix" value=".jsp"/>
				</bean>
		    </list>
		</property>
	</bean>
	
		<!-- bean id="viewResolver" class="org.springframework.web.servlet.view.InternalResourceViewResolver">
      <property name="viewClass" value="org.springframework.web.servlet.view.JstlView"/>
      <property name="prefix" value="/jsp/"/>
      <property name="suffix" value=".jsp"/>
  </bean-->


	
</beans>