<?xml version="1.0" encoding="UTF-8"?>

<beans xmlns="http://www.springframework.org/schema/beans"
	xmlns:security="http://www.springframework.org/schema/security"
	xmlns:xsi="http://www.w3.org/2001/XMLSchema-instance"
	xsi:schemaLocation="http://www.springframework.org/schema/beans http://www.springframework.org/schema/beans/spring-beans-3.0.xsd  
                         http://www.springframework.org/schema/security http://www.springframework.org/schema/security/spring-security-3.0.xsd">

	<import resource="SelfSpringProject-servlet.xml" />


	<!-- <security:http auto-config='true'> <security:intercept-url pattern="/log*" 
		access="IS_AUTHENTICATED_ANONYMOUSLY" /> <security:intercept-url pattern="/**" 
		access="ROLE_USER" /> <security:form-login login-page="/login" authentication-failure-url="https://www.google.com/?gws_rd=ssl" 
		default-target-url="/success" always-use-default-target="true" /> <security:session-management 
		session-authentication-error-url="https://www.lifewire.com/how-to-troubleshoot-an-error-in-a-url-2624454"> 
		<security:concurrency-control max-sessions="1" error-if-maximum-exceeded="true" 
		/> </security:session-management> </security:http> -->


	<security:authentication-manager
		alias="authenticationManager">
		<security:authentication-provider>
			<security:user-service>
				<security:user name="mohit1" password="1234"
					authorities="ROLE_USER, ROLE_ADMIN" />
				<security:user name="mohit2" password="1234"
					authorities="ROLE_USER" />
			</security:user-service>
		</security:authentication-provider>

		<security:authentication-provider
			user-service-ref="userDetailsService">

			<!-- <security:jdbc-user-service data-source-ref="dataSource" users-by-username-query="SELECT 
				username, password, enabled FROM users WHERE username = ?" authorities-by-username-query="SELECT 
				u.username, r.role FROM users u, user_roles r WHERE u.username = r.username 
				AND u.USERNAME=?" /> -->

		</security:authentication-provider>

	</security:authentication-manager>


	<!-- Filter Chain Proxy -->

	<!-- Access Decision Manager -->
	<bean id="accessDecisionManager"
		class="org.springframework.security.access.vote.AffirmativeBased">
		<property name="decisionVoters">
			<list>
				<bean
					class="org.springframework.security.access.vote.RoleVoter">
					<property name="rolePrefix" value="ROLE_" />
				</bean>
			</list>
		</property>

		<property name="allowIfAllAbstainDecisions" value="false" />
	</bean>
	<!-- Access Decision Manager End -->

	<!-- filterSecurityInterceptor -->
	<bean id="filterSecurityInterceptor"
		class="org.springframework.security.web.access.intercept.FilterSecurityInterceptor">
		<property name="authenticationManager"
			ref="authenticationManager" />
		<property name="accessDecisionManager"
			ref="accessDecisionManager" />
		<property name="securityMetadataSource">
			<security:filter-security-metadata-source>
				<security:intercept-url
					pattern="/secure/super/**" access="ROLE_ADMIN" />
				<security:intercept-url pattern="/succe**"
					access="ROLE_USER" />
			</security:filter-security-metadata-source>
		</property>
	</bean>

	<!-- filterSecurityInterceptor End -->

	<bean id="exceptionTranslationFilter"
		class="org.springframework.security.web.access.ExceptionTranslationFilter">
		<property name="authenticationEntryPoint"
			ref="authenticationEntryPoint" />
		<property name="accessDeniedHandler"
			ref="accessDeniedHandler" />
	</bean>

	<bean id="authenticationEntryPoint"
		class="org.springframework.security.web.authentication.LoginUrlAuthenticationEntryPoint">
		<property name="loginFormUrl" value="/login" />
	</bean>

	<bean id="accessDeniedHandler"
		class="org.springframework.security.web.access.AccessDeniedHandlerImpl">
		<property name="errorPage" value="/error" />
	</bean>

	<bean id="securityContextPersistenceFilter"
		class="org.springframework.security.web.context.SecurityContextPersistenceFilter">
		<property name='securityContextRepository'>
			<bean
				class='org.springframework.security.web.context.HttpSessionSecurityContextRepository'>
				<property name='allowSessionCreation' value='true' />
			</bean>
		</property>
	</bean>

	<bean id="sessionExpiredEntryPoint"
		class="org.springframework.security.web.authentication.LoginUrlAuthenticationEntryPoint">
		<property name="loginFormUrl" value="/sessionExpired" />
	</bean>

	<security:http entry-point-ref="sessionExpiredEntryPoint">
		<security:custom-filter
			position="CONCURRENT_SESSION_FILTER" ref="concurrencyFilter" />
		<security:custom-filter
			position="FORM_LOGIN_FILTER" ref="formLoginFilter" />

		<security:session-management
			session-authentication-strategy-ref="sas"></security:session-management>
	</security:http>

	<!-- <bean id="sas" class="org.springframework.security.web.authentication.session.SessionFixationProtectionStrategy" 
		/> -->

	<!-- <bean id="authenticationFilter" class="org.springframework.security.web.authentication.UsernamePasswordAuthenticationFilter"> 
		<property name="authenticationManager" ref="authenticationManager" /> <property 
		name="filterProcessesUrl" value="/j_spring_security_check" /> </bean> -->

	<!-- ConcurrentSessionFilter -->
	<bean id="concurrencyFilter"
		class="org.springframework.security.web.session.ConcurrentSessionFilter">
		<property name="sessionRegistry" ref="sessionRegistry" />
		<property name="expiredUrl" value="/session-expired.htm" />
	</bean>

	<bean id="sas"
		class="org.springframework.security.web.authentication.session.ConcurrentSessionControlStrategy">
		<constructor-arg name="sessionRegistry"
			ref="sessionRegistry" />
		<property name="maximumSessions" value="1" />
		<property name="exceptionIfMaximumExceeded" value="true"></property>
	</bean>

	<bean id="sessionRegistry"
		class="org.springframework.security.core.session.SessionRegistryImpl" />

	<!-- ConcurrentSessionFilter End -->

	<!-- Basic -->
	<bean id="basicAuthenticationFilter"
		class="org.springframework.security.web.authentication.www.BasicAuthenticationFilter">
		<property name="authenticationManager"
			ref="authenticationManager" />
		<property name="authenticationEntryPoint"
			ref="authenticationEntryPoint" />
	</bean>
	<!-- Basic End -->

	<!-- Digest -->

	<bean id="digestFilter"
		class="org.springframework.security.web.authentication.www.DigestAuthenticationFilter">
		<property name="userDetailsService" ref="userDetailsService" />
		<property name="authenticationEntryPoint"
			ref="digestEntryPoint" />
	</bean>

	<bean id="digestEntryPoint"
		class="org.springframework.security.web.authentication.www.DigestAuthenticationEntryPoint">
		<property name="realmName"
			value="Contacts Realm via Digest Authentication" />
		<property name="key" value="acegi" />
		<property name="nonceValiditySeconds" value="10" />
	</bean>

	<!-- Digest End -->

	<!-- Form Login Filter -->
	<bean
		class="org.springframework.security.web.authentication.UsernamePasswordAuthenticationFilter"
		id="formLoginFilter">
		<property name="sessionAuthenticationStrategy" ref="sas" />
		<property name="authenticationManager"
			ref="authenticationManager" />
		<property name="allowSessionCreation" value="true" />
		<property name="authenticationSuccessHandler">
			<bean
				class="org.springframework.security.web.authentication.SimpleUrlAuthenticationSuccessHandler">
				<constructor-arg value="/success" />
				<property name="alwaysUseDefaultTargetUrl" value="true" />
			</bean>
		</property>
		<property name="authenticationFailureHandler">
			<bean
				class="org.springframework.security.web.authentication.SimpleUrlAuthenticationFailureHandler">
				<constructor-arg value="/login?error=true" />
			</bean>
		</property>
	</bean>
	<!-- Form Login Filter End -->

	<!-- Filter Chain Proxy End -->

	<bean id="springSecurityFilterChain"
		class="org.springframework.security.web.FilterChainProxy">
		<security:filter-chain-map path-type="ant">
			<security:filter-chain pattern="/login"
				filters="none" />
			<security:filter-chain pattern="/succ**"
				filters="
           securityContextPersistenceFilter,
           concurrencyFilter,
           formLoginFilter,
           exceptionTranslationFilter,
           filterSecurityInterceptor" />
		</security:filter-chain-map>
	</bean>

</beans>