<?xml version="1.0" encoding="UTF-8"?>

<beans xmlns="http://www.springframework.org/schema/beans"
	xmlns:security="http://www.springframework.org/schema/security"
	xmlns:xsi="http://www.w3.org/2001/XMLSchema-instance"
	xsi:schemaLocation="http://www.springframework.org/schema/beans http://www.springframework.org/schema/beans/spring-beans-3.0.xsd  
                         http://www.springframework.org/schema/security http://www.springframework.org/schema/security/spring-security-3.0.xsd">


	<security:http auto-config='true'>
		<security:intercept-url pattern="/log*"
			access="IS_AUTHENTICATED_ANONYMOUSLY" />
		<security:intercept-url pattern="/**"
			access="ROLE_USER" />
		<security:form-login login-page="/login"
			authentication-failure-url="https://www.google.com/?gws_rd=ssl"
			default-target-url="/" always-use-default-target="true" />
		<security:session-management session-authentication-error-url="https://www.lifewire.com/how-to-troubleshoot-an-error-in-a-url-2624454">
			<security:concurrency-control
				max-sessions="1" error-if-maximum-exceeded="true"/>
		</security:session-management>
	</security:http>


	<security:authentication-manager>
		<security:authentication-provider>
			<!-- <security:password-encoder hash="sha"></security:password-encoder> -->
			<security:user-service>
				<security:user name="mohit1" password="1234"
					authorities="ROLE_USER, ROLE_ADMIN" />
				<security:user name="mohit2" password="1234"
					authorities="ROLE_USER" />
			</security:user-service>
		</security:authentication-provider>

	</security:authentication-manager>

</beans>