<?xml version="1.0" encoding="UTF-8"?>

<beans xmlns="http://www.springframework.org/schema/beans"
	xmlns:security="http://www.springframework.org/schema/security"
	xmlns:xsi="http://www.w3.org/2001/XMLSchema-instance"
	xsi:schemaLocation="http://www.springframework.org/schema/beans http://www.springframework.org/schema/beans/spring-beans-3.0.xsd  
                         http://www.springframework.org/schema/security http://www.springframework.org/schema/security/spring-security-3.0.xsd">

	<import resource="SelfSpringProject-servlet.xml" />


<!-- 	<security:http auto-config='true'>
		<security:intercept-url pattern="/log*"
			access="IS_AUTHENTICATED_ANONYMOUSLY" />
		<security:intercept-url pattern="/**" access="ROLE_USER" />
		<security:form-login login-page="/login"
			authentication-failure-url="https://www.google.com/?gws_rd=ssl"
			default-target-url="/success" always-use-default-target="true" />
		<security:session-management
			session-authentication-error-url="https://www.lifewire.com/how-to-troubleshoot-an-error-in-a-url-2624454">
			<security:concurrency-control
				max-sessions="1" error-if-maximum-exceeded="true" />
		</security:session-management>
	</security:http> -->


	<security:authentication-manager alias="authenticationManager">
		<security:authentication-provider>
			<security:user-service>
				<security:user name="mohit1" password="1234"
					authorities="ROLE_USER, ROLE_ADMIN" />
				<security:user name="mohit2" password="1234"
					authorities="ROLE_USER" />
			</security:user-service>
		</security:authentication-provider>
		<security:authentication-provider>
			<!-- <security:password-encoder hash="sha"></security:password-encoder> -->
			<security:jdbc-user-service
				data-source-ref="dataSource"
				users-by-username-query="SELECT username, password, enabled
                FROM users WHERE username = ?"
				authorities-by-username-query="SELECT u.username, r.role FROM users u, user_roles r WHERE u.username = r.username AND u.USERNAME=?" />
		</security:authentication-provider>

	</security:authentication-manager>
	
	<bean id="springSecurityFilterChain"
	class="org.springframework.security.web.FilterChainProxy">
	<security:filter-chain-map path-type="ant">
		<security:filter-chain pattern="/log**"
			filters="none" />
			<security:filter-chain filters="none" pattern="/j_spring_security_check"/>
			<security:filter-chain  pattern="/succ*" filters="securityContextPersistenceFilterWithASCTrue,logoutFilter,formLoginFilter"/>
	</security:filter-chain-map>
</bean>

</beans>