<?xml version="1.0" encoding="UTF-8"?>

<beans xmlns="http://www.springframework.org/schema/beans"
	xmlns:xsi="http://www.w3.org/2001/XMLSchema-instance"
	xmlns:context="http://www.springframework.org/schema/context"
	xsi:schemaLocation="
		http://www.springframework.org/schema/beans
		http://www.springframework.org/schema/beans/spring-beans-3.0.xsd
		http://www.springframework.org/schema/context 
		http://www.springframework.org/schema/context/spring-context-3.0.xsd">

	<context:component-scan
		base-package="com.controller"/>

	<bean
		class="org.springframework.web.servlet.view.ContentNegotiatingViewResolver">
		<property name="mediaTypes">
			<map>
				<entry key="xml" value="application/xml" />
				<entry key="html" value="text/html" />
			</map>
		</property>

		<!-- BeanNameViewResolver : Defines a view resolver using the bean name 
			that the user specifies The example will use the MarshallingView name "employees." -->
		<property name="viewResolvers">
			<list>
				<bean
					class="org.springframework.web.servlet.view.BeanNameViewResolver" />
				<bean id="viewResolver"
					class="org.springframework.web.servlet.view.UrlBasedViewResolver">
					<property name="viewClass"
						value="org.springframework.web.servlet.view.JstlView" />
					<property name="prefix" value="/WEB-INF/views/jsp/"></property>
					<property name="suffix" value=".jsp"></property>
				</bean>
			</list>
		</property>
	</bean>


</beans>