<?xml version="1.0" encoding="UTF-8"?>

<beans xmlns="http://www.springframework.org/schema/beans"
	xmlns:xsi="http://www.w3.org/2001/XMLSchema-instance"
	xmlns:context="http://www.springframework.org/schema/context"
	xsi:schemaLocation="
		http://www.springframework.org/schema/beans
		http://www.springframework.org/schema/beans/spring-beans-3.0.xsd
		http://www.springframework.org/schema/context 
		http://www.springframework.org/schema/context/spring-context-3.0.xsd">

	<context:component-scan
		base-package="com.controller" />

	<bean
		class="org.springframework.web.servlet.view.ContentNegotiatingViewResolver">
		<property name="mediaTypes">
			<map>
				<entry key="xml" value="application/xml" />
				<entry key="html" value="text/html" />
			</map>
		</property>

		<!-- BeanNameViewResolver : Defines a view resolver using the bean name 
			that the user specifies The example will use the MarshallingView name "employees." -->
		<property name="viewResolvers">
			<list>
				<bean
					class="org.springframework.web.servlet.view.BeanNameViewResolver" />
				<bean id="viewResolver"
					class="org.springframework.web.servlet.view.UrlBasedViewResolver">
					<property name="viewClass"
						value="org.springframework.web.servlet.view.JstlView" />
					<property name="prefix" value="/WEB-INF/views/jsp/"></property>
					<property name="suffix" value=".jsp"></property>
				</bean>
			</list>
		</property>
	</bean>

	<bean id="dataSource"
		class="org.springframework.jdbc.datasource.DriverManagerDataSource">
		<property name="driverClassName"
			value="org.postgresql.Driver" />
		<property name="url"
			value="jdbc:postgresql://localhost:5432/SpringSecurity" />
		<property name="username" value="postgres" />
		<property name="password" value="1234" />
	</bean>

	<!-- Access Decision Manager -->
	<!-- <bean id="accessDecisionManager"
		class="org.springframework.security.access.vote.AffirmativeBased">
		<constructor-arg>
			<list>
				<bean
					class="org.springframework.security.access.vote.RoleVoter" />
				<bean
					class="org.springframework.security.web.access.expression.WebExpressionVoter" />
			</list>
		</constructor-arg>
		<property name="allowIfAllAbstainDecisions" value="false" />
	</bean> -->
	<!-- Access Decision Manager End -->

	<bean id="securityContextPersistenceFilterWithASCTrue"
		class="org.springframework.security.web.context.SecurityContextPersistenceFilter">
		<!-- <constructor-arg>
			<bean
				class="org.springframework.security.web.context.HttpSessionSecurityContextRepository" />
		</constructor-arg> -->
	</bean>
	
	<bean id="formLoginFilter"
        class="org.springframework.security.web.authentication.UsernamePasswordAuthenticationFilter">
        <property name="authenticationManager" ref="authenticationManager"/>
        <property name="allowSessionCreation" value="true"/>
        <property name="authenticationSuccessHandler">
            <bean class="org.springframework.security.web.authentication.SimpleUrlAuthenticationSuccessHandler">
                <constructor-arg value="/success"/>
                <property name="alwaysUseDefaultTargetUrl" value="true"/>
            </bean>
        </property>
        <property name="authenticationFailureHandler">
            <bean class="org.springframework.security.web.authentication.SimpleUrlAuthenticationFailureHandler">
                <constructor-arg value="/login?error=true"/>
            </bean>
        </property>
    </bean>

	<bean id="logoutFilter"
		class="org.springframework.security.web.authentication.logout.LogoutFilter">
		<constructor-arg value="/login" />
		<constructor-arg>
			<bean
				class="org.springframework.security.web.authentication.logout.SecurityContextLogoutHandler ">
			</bean>
		</constructor-arg>
	</bean>




</beans>